business_name,phone,website,address,city,digital_score,digital_label,digital_signals,source_url,scraped_at
Echo Park Deep Pool,(213) 481-2640,https://laparks.org,1419 Colton St,"Los Angeles, CA 90026",100,No website - high priority,تعذّر الوصول للموقع: https://laparks.org: No active session available.,https://www.yellowpages.com/search?search_terms=pool%20builders&geo_location_terms=Los%20Angeles%2C%20CA,1787251314.0294294
Crystal John Pools Inc,(310) 477-2828,https://johncrystalpools.com/contactus.htm,18419 Napa St,"Los Angeles, CA 90049",100,No website - high priority,تعذّر الوصول للموقع: https://johncrystalpools.com/contactus.htm: No active session available.,https://www.yellowpages.com/search?search_terms=pool%20builders&geo_location_terms=Los%20Angeles%2C%20CA,1787251333.0011237
The Pool Floats,(310) 912-1293,http://www.thepoolfloats.com,4145 Prospect Valley Rd,"Los Angeles, CA 90017",100,No website - high priority,تعذّر الوصول للموقع: http://www.thepoolfloats.com: No active session available.,https://www.yellowpages.com/search?search_terms=pool%20builders&geo_location_terms=Los%20Angeles%2C%20CA,1787251344.9583294
Pool Tec Donato,(213) 382-2814,http://pooltecdonato.localsearch.com,726 S Carondelet St,"Los Angeles, CA 90057",100,No website - high priority,تعذّر الوصول للموقع: http://pooltecdonato.localsearch.com: No active session available.,https://www.yellowpages.com/search?search_terms=pool%20builders&geo_location_terms=Los%20Angeles%2C%20CA,1787251360.6337352
L A Swim Stadium Pool,(323) 906-7953,https://www.laparks.org/special-facilities,3980 Menlo Ave,"Los Angeles, CA 90037",100,No website - high priority,تعذّر الوصول للموقع: https://www.laparks.org/special-facilities: No active session available.,https://www.yellowpages.com/search?search_terms=pool%20builders&geo_location_terms=Los%20Angeles%2C%20CA,1787251362.3316543
Sea Horse Pool Co,(310) 477-7108,http://seahorsepoolco.localsearch.com,2338 Cotner Ave,"Los Angeles, CA 90064",100,No website - high priority,تعذّر الوصول للموقع: http://seahorsepoolco.localsearch.com: No active session available.,https://www.yellowpages.com/search?search_terms=pool%20builders&geo_location_terms=Los%20Angeles%2C%20CA,1787251367.18715
Coastal Aquatic Creations,(310) 393-3831,http://www.coastalaquaticcreations.com,149 S Barrington Ave # 158,"Los Angeles, CA 90049",100,No website - high priority,تعذّر الوصول للموقع: http://www.coastalaquaticcreations.com: No active session available.,https://www.yellowpages.com/search?search_terms=pool%20builders&geo_location_terms=Los%20Angeles%2C%20CA,1787251373.5587385
Monempour 5414 Fountain Av,(323) 463-0246,http://yellowpages.com/los-angeles-ca/mip/top-implant-cen-ter-452240873,5414 Fountain Ave,"Los Angeles, CA 90029",100,No website - high priority,تعذّر الوصول للموقع: http://yellowpages.com/los-angeles-ca/mip/top-implant-cen-ter-452240873: No active session available.,https://www.yellowpages.com/search?search_terms=pool%20builders&geo_location_terms=Los%20Angeles%2C%20CA,1787251377.569397
Ramati Inc.,(818) 635-1042,https://www.ramatiinc.com/generallandingpage,1001 Wilshire Boulevard,"Los Angeles, CA 90017",100,No website - high priority,تعذّر الوصول للموقع: https://www.ramatiinc.com/generallandingpage: No active session available.,https://www.yellowpages.com/search?search_terms=pool%20builders&geo_location_terms=Los%20Angeles%2C%20CA,1787251379.3490055
NRG Solar,(818) 340-7027,http://www.nrgcleanpower.com,1813 E Washington Blvd,"Los Angeles, CA 90021",100,No website - high priority,تعذّر الوصول للموقع: http://www.nrgcleanpower.com: No active session available.,https://www.yellowpages.com/search?search_terms=pool%20builders&geo_location_terms=Los%20Angeles%2C%20CA,1787251383.6737502
Perez Pool & Spa,(310) 597-7045,http://www.perezpoolandspa.com,6739 4th Ave,"Los Angeles, CA 90043",100,No website - high priority,تعذّر الوصول للموقع: http://www.perezpoolandspa.com: No active session available.,https://www.yellowpages.com/search?search_terms=pool%20builders&geo_location_terms=Los%20Angeles%2C%20CA,1787251395.341838
Sky Pool Center,(323) 737-0140,http://yellowpages.com/los-angeles-ca/mip/sky-pool-center-412840,4139 W Pico Blvd,"Los Angeles, CA 90019",100,No website - high priority,تعذّر الوصول للموقع: http://yellowpages.com/los-angeles-ca/mip/sky-pool-center-412840: No active session available.,https://www.yellowpages.com/search?search_terms=pool%20builders&geo_location_terms=Los%20Angeles%2C%20CA,1787251401.3704731
"BlueStone Builders, Inc",(818) 857-7820,http://bluestonebuildersinc.com,400 Hauser Blvd,"Los Angeles, CA 90036",100,No website - high priority,تعذّر الوصول للموقع: http://bluestonebuildersinc.com: No active session available.,https://www.yellowpages.com/search?search_terms=pool%20builders&geo_location_terms=Los%20Angeles%2C%20CA,1787251404.2294316
Atlas Swimming Pool Co,(323) 938-9090,http://atlasswimmingpoolco.localsearch.com,5401 W Pico Blvd,"Los Angeles, CA 90019",100,No website - high priority,تعذّر الوصول للموقع: http://atlasswimmingpoolco.localsearch.com: No active session available.,https://www.yellowpages.com/search?search_terms=pool%20builders&geo_location_terms=Los%20Angeles%2C%20CA,1787251409.522239
Scp Pools,(323) 302-5529,http://yellowpages.com/los-angeles-ca/mip/scp-pools-576280271,5352 W Washington Blvd,"Los Angeles, CA 90016",100,No website - high priority,تعذّر الوصول للموقع: http://yellowpages.com/los-angeles-ca/mip/scp-pools-576280271: No active session available.,https://www.yellowpages.com/search?search_terms=pool%20builders&geo_location_terms=Los%20Angeles%2C%20CA,1787251413.468935
Jose Sanchez Pool & Spa Service & Repair,(323) 937-1427,http://josesanchezpoolspaservicerepair.localsearch.com,2651 Thurman Ave,"Los Angeles, CA 90016",100,No website - high priority,تعذّر الوصول للموقع: http://josesanchezpoolspaservicerepair.localsearch.com: No active session available.,https://www.yellowpages.com/search?search_terms=pool%20builders&geo_location_terms=Los%20Angeles%2C%20CA,1787251436.7794821
Rancho Pool Supply,(310) 477-7084,http://ranchopoolsupply.localsearch.com,2338 Cotner Ave,"Los Angeles, CA 90064",100,No website - high priority,تعذّر الوصول للموقع: http://ranchopoolsupply.localsearch.com: No active session available.,https://www.yellowpages.com/search?search_terms=pool%20builders&geo_location_terms=Los%20Angeles%2C%20CA,1787251442.550717
Swimpool Construction,(310) 476-3387,,612 N Sepulveda Blvd Ste 7,"Los Angeles, CA 90049",100,No website - high priority,No website found for this business,https://www.yellowpages.com/search?search_terms=pool%20builders&geo_location_terms=Los%20Angeles%2C%20CA,1787251442.5548356
Ramati Inc,(888) 635-1042,https://www.ramatiinc.com/generallandingpage,,"Los Angeles, CA 90014",100,No website - high priority,تعذّر الوصول للموقع: https://www.ramatiinc.com/generallandingpage: No active session available.,https://www.yellowpages.com/search?search_terms=pool%20builders&geo_location_terms=Los%20Angeles%2C%20CA,1787251445.0032513
Arbib & Sons Construction,(818) 294-4668,https://arbibandsons.com,,"Los Angeles, CA 90048",100,No website - high priority,تعذّر الوصول للموقع: https://arbibandsons.com: No active session available.,https://www.yellowpages.com/search?search_terms=pool%20builders&geo_location_terms=Los%20Angeles%2C%20CA,1787251461.514998
Pepe's Pools,(626) 390-1135,http://pepespoolsca.localsearch.com,4817 York Blvd,"Los Angeles, CA 90042",100,No website - high priority,تعذّر الوصول للموقع: http://pepespoolsca.localsearch.com: No active session available.,https://www.yellowpages.com/search?search_terms=pool%20builders&geo_location_terms=Los%20Angeles%2C%20CA,1787251466.3397276
Min Yoshida Custom Pools Inc,(310) 473-4449,http://www.minyoshidapools.com,2749 Colby Ave,"Los Angeles, CA 90064",100,No website - high priority,تعذّر الوصول للموقع: http://www.minyoshidapools.com: No active session available.,https://www.yellowpages.com/search?search_terms=pool%20builders&geo_location_terms=Los%20Angeles%2C%20CA,1787251472.5069926
Dr. Pool and Spa Service,(310) 738-7555,http://drpoolandspaservice.localsearch.com,4814 Pickford St,"Los Angeles, CA 90019",100,No website - high priority,تعذّر الوصول للموقع: http://drpoolandspaservice.localsearch.com: No active session available.,https://www.yellowpages.com/search?search_terms=pool%20builders&geo_location_terms=Los%20Angeles%2C%20CA,1787251478.6574924
Reflection Custom Pools & Spas,(323) 254-4095,http://reflectionsblue.com,1855 Nolden St,"Los Angeles, CA 90042",100,No website - high priority,تعذّر الوصول للموقع: http://reflectionsblue.com: No active session available.,https://www.yellowpages.com/search?search_terms=pool%20builders&geo_location_terms=Los%20Angeles%2C%20CA,1787251484.9797003
FRG Pool & Spa Service,(310) 915-1174,http://avis.com,11358 Venice Blvd,"Los Angeles, CA 90066",100,No website - high priority,تعذّر الوصول للموقع: http://avis.com: No active session available.,https://www.yellowpages.com/search?search_terms=pool%20builders&geo_location_terms=Los%20Angeles%2C%20CA,1787251489.2185183
Pride Pool Service,(310) 477-7108,http://pridepoolserviceca.localsearch.com,2338 Cotner Ave,"Los Angeles, CA 90064",100,No website - high priority,تعذّر الوصول للموقع: http://pridepoolserviceca.localsearch.com: No active session available.,https://www.yellowpages.com/search?search_terms=pool%20builders&geo_location_terms=Los%20Angeles%2C%20CA,1787251494.73269
Tianjin Pool & Spa Corp,(323) 888-1898,https://www.poolineproducts.com,2701 Garfield Ave,"Commerce, CA 90040",100,No website - high priority,تعذّر الوصول للموقع: https://www.poolineproducts.com: No active session available.,https://www.yellowpages.com/search?search_terms=pool%20builders&geo_location_terms=Los%20Angeles%2C%20CA,1787251504.0328069
Fluidity Pool Designs,(805) 669-1200,http://www.pooldesignsbyfluidity.com,,,100,No website - high priority,تعذّر الوصول للموقع: http://www.pooldesignsbyfluidity.com: No active session available.,https://www.yellowpages.com/search?search_terms=pool%20builders&geo_location_terms=Los%20Angeles%2C%20CA,1787251511.8041484
Moreland Pool Service & Engineering,(310) 472-2207,http://morelandpoolserviceengineering.localsearch.com,,,100,No website - high priority,تعذّر الوصول للموقع: http://morelandpoolserviceengineering.localsearch.com: No active session available.,https://www.yellowpages.com/search?search_terms=pool%20builders&geo_location_terms=Los%20Angeles%2C%20CA,1787251517.7062676
High Standard Pools,(424) 275-8006,http://highstandardpools.localsearch.com,,,100,No website - high priority,تعذّر الوصول للموقع: http://highstandardpools.localsearch.com: No active session available.,https://www.yellowpages.com/search?search_terms=pool%20builders&geo_location_terms=Los%20Angeles%2C%20CA,1787251522.347428
Orr School Indoor Pools,(312) 746-5354,http://www.chicagoparkdistrict.com,730 N Pulaski Rd,"Chicago, IL 60624",100,No website - high priority,تعذّر الوصول للموقع: http://www.chicagoparkdistrict.com: No active session available.,https://www.yellowpages.com/search?search_terms=pool%20builders&geo_location_terms=Chicago%2C%20IL,1787251537.309821
Horizon Ventures,(773) 287-7131,http://midwestcanvas.com,5050 W Lake St,"Chicago, IL 60644",100,No website - high priority,تعذّر الوصول للموقع: http://midwestcanvas.com: No active session available.,https://www.yellowpages.com/search?search_terms=pool%20builders&geo_location_terms=Chicago%2C%20IL,1787251543.4258418
Chicago Park District Indoor Pools,(312) 742-7511,http://www.chicagoparkdistrict.com/parks/Eckhart-Park,2333 W Sunnyside Ave,"Chicago, IL 60625",100,No website - high priority,تعذّر الوصول للموقع: http://www.chicagoparkdistrict.com/parks/Eckhart-Park: No active session available.,https://www.yellowpages.com/search?search_terms=pool%20builders&geo_location_terms=Chicago%2C%20IL,1787251551.6316152
Pat's Pool's Cool,(773) 763-0620,http://patspoolscool.localsearch.com,4637 N Milwaukee Ave,"Chicago, IL 60630",100,No website - high priority,تعذّر الوصول للموقع: http://patspoolscool.localsearch.com: No active session available.,https://www.yellowpages.com/search?search_terms=pool%20builders&geo_location_terms=Chicago%2C%20IL,1787251574.9136086
Citywide Pool & Spa Inc,(773) 631-7946,http://citywidepoolnspa.com/contactus.htm,5500 N Menard Ave,"Chicago, IL 60630",100,No website - high priority,تعذّر الوصول للموقع: http://citywidepoolnspa.com/contactus.htm: No active session available.,https://www.yellowpages.com/search?search_terms=pool%20builders&geo_location_terms=Chicago%2C%20IL,1787251576.9325905
Matthew Does Pools,(630) 991-8239,http://matthewdoespools.localsearch.com,,,100,No website - high priority,تعذّر الوصول للموقع: http://matthewdoespools.localsearch.com: No active session available.,https://www.yellowpages.com/search?search_terms=pool%20builders&geo_location_terms=Chicago%2C%20IL,1787251582.3377056
Pools Kephar,(312) 666-8045,,1635 S Jefferson St,"Chicago, IL 60616",100,No website - high priority,No website found for this business,https://www.yellowpages.com/search?search_terms=pool%20builders&geo_location_terms=Chicago%2C%20IL,1787251582.3420703
Action Pool and Spa,(773) 622-4821,http://www.chicagoactionpoolandspa.com,1739 N Harlem Ave,"Chicago, IL 60707",100,No website - high priority,تعذّر الوصول للموقع: http://www.chicagoactionpoolandspa.com: No active session available.,https://www.yellowpages.com/search?search_terms=pool%20builders&geo_location_terms=Chicago%2C%20IL,1787251585.6162353
Government Offices City Pools,(708) 749-4930,http://yellowpages.com/berwyn-il/mip/government-offices-city-pools-563328922,1900 Cuyler Ave,"Berwyn, IL 60402",100,No website - high priority,تعذّر الوصول للموقع: http://yellowpages.com/berwyn-il/mip/government-offices-city-pools-563328922: No active session available.,https://www.yellowpages.com/search?search_terms=pool%20builders&geo_location_terms=Chicago%2C%20IL,1787251590.1699555
Forest Preserve Dist of Cook County Swimming Pools,(708) 447-3226,http://www.manta.com/c/mmcffc2/cermak-pool,7600 Ogden Ave,"Lyons, IL 60534",100,No website - high priority,تعذّر الوصول للموقع: http://www.manta.com/c/mmcffc2/cermak-pool: No active session available.,https://www.yellowpages.com/search?search_terms=pool%20builders&geo_location_terms=Chicago%2C%20IL,1787251621.69968
Leslie's Pool Supplies,(708) 425-9965,https://lesliespool.com/location/oak-lawn-illinois-oak-lawn-385.html,9521 S Cicero Ave,"Oak Lawn, IL 60453",100,No website - high priority,تعذّر الوصول للموقع: https://lesliespool.com/location/oak-lawn-illinois-oak-lawn-385.html: No active session available.,https://www.yellowpages.com/search?search_terms=pool%20builders&geo_location_terms=Chicago%2C%20IL,1787251645.122821
Crunch Inc,(708) 771-7400,https://crunchinc.com,7222 W Cermak Rd,"Riverside, IL 60546",100,No website - high priority,تعذّر الوصول للموقع: https://crunchinc.com: No active session available.,https://www.yellowpages.com/search?search_terms=pool%20builders&geo_location_terms=Chicago%2C%20IL,1787251650.5685954
Doty Destruction,(346) 601-4156,http://dotydestruction.com,,,100,No website - high priority,تعذّر الوصول للموقع: http://dotydestruction.com: No active session available.,https://www.yellowpages.com/search?search_terms=pool%20builders&geo_location_terms=Houston%2C%20TX,1787251668.2942836
Kool Covers,(713) 893-1915,http://www.koolcovershouston.com,8621 Easthaven Blvd,"Houston, TX 77075",100,No website - high priority,تعذّر الوصول للموقع: http://www.koolcovershouston.com: No active session available.,https://www.yellowpages.com/search?search_terms=pool%20builders&geo_location_terms=Houston%2C%20TX,1787251674.7328548
Riviera Custom Pool Builder,(281) 480-9661,http://rivieracustompoolbuilder.localsearch.com,737 Bay Area Blvd,"Houston, TX 77058",100,No website - high priority,تعذّر الوصول للموقع: http://rivieracustompoolbuilder.localsearch.com: No active session available.,https://www.yellowpages.com/search?search_terms=pool%20builders&geo_location_terms=Houston%2C%20TX,1787251679.392871
Patio Pools,(713) 789-1710,http://www.patio-pools.com/contacts.html,5904 Fairdale Ln,"Houston, TX 77057",100,No website - high priority,تعذّر الوصول للموقع: http://www.patio-pools.com/contacts.html: No active session available.,https://www.yellowpages.com/search?search_terms=pool%20builders&geo_location_terms=Houston%2C%20TX,1787251682.397098
Modern Method Gunite Inc,(281) 847-1855,http://www.mmgtx.com,3334 Brownie Campbell Rd,"Houston, TX 77086",100,No website - high priority,تعذّر الوصول للموقع: http://www.mmgtx.com: No active session available.,https://www.yellowpages.com/search?search_terms=pool%20builders&geo_location_terms=Houston%2C%20TX,1787251686.2306235
Alfresco Pools,(281) 517-0802,https://www.alfresco-pools.com,9319 Sutter Ranch Dr,"Houston, TX 77064",100,No website - high priority,تعذّر الوصول للموقع: https://www.alfresco-pools.com: No active session available.,https://www.yellowpages.com/search?search_terms=pool%20builders&geo_location_terms=Houston%2C%20TX,1787251689.8750858
Reflection Pools Spas,(713) 559-1100,http://www.reflectionpoolsandspas.com,5360 W 34th St,"Houston, TX 77092",100,No website - high priority,تعذّر الوصول للموقع: http://www.reflectionpoolsandspas.com: No active session available.,https://www.yellowpages.com/search?search_terms=pool%20builders&geo_location_terms=Houston%2C%20TX,1787251694.8253362
Houston Cool Pools,(281) 645-6631,https://houstoncoolpools.com,21902 State Highway 249,"Houston, TX 77070",100,No website - high priority,تعذّر الوصول للموقع: https://houstoncoolpools.com: No active session available.,https://www.yellowpages.com/search?search_terms=pool%20builders&geo_location_terms=Houston%2C%20TX,1787251700.3517957
Aqua Bay Custom Pools,(832) 561-5822,http://aquabaycustompoolstx.localsearch.com,16806 Judyleigh Drive,"Houston, TX 77084",100,No website - high priority,تعذّر الوصول للموقع: http://aquabaycustompoolstx.localsearch.com: No active session available.,https://www.yellowpages.com/search?search_terms=pool%20builders&geo_location_terms=Houston%2C%20TX,1787251705.2460153
Sunset Pool Deck Resurfacing,(832) 786-5522,https://www.pooldeckresurfacinghouston.com/sunset-pool-deck-resurfacing,3839 Yellowstone Blvd,"Houston, TX 77021",100,No website - high priority,تعذّر الوصول للموقع: https://www.pooldeckresurfacinghouston.com/sunset-pool-deck-resurfacing: No active session available.,https://www.yellowpages.com/search?search_terms=pool%20builders&geo_location_terms=Houston%2C%20TX,1787251710.1152208
Jr Pool Plastering & Texas Gunite Ltd,(713) 907-3980,http://www.jrpoolplastering.com,1415 N Loop W,"Houston, TX 77008",100,No website - high priority,تعذّر الوصول للموقع: http://www.jrpoolplastering.com: No active session available.,https://www.yellowpages.com/search?search_terms=pool%20builders&geo_location_terms=Houston%2C%20TX,1787251714.9062028
DMG Pool Builders,(281) 662-3315,https://dmgpoolbuilders.com,811 Aldine Mail Route Rd Ste 500,"Houston, TX 77037",100,No website - high priority,تعذّر الوصول للموقع: https://dmgpoolbuilders.com: No active session available.,https://www.yellowpages.com/search?search_terms=pool%20builders&geo_location_terms=Houston%2C%20TX,1787251741.9503016
Authentic Plaster & Tile,(832) 384-6861,http://www.authenticplasterandtile.com/Houston,5724 Bingle Rd,"Houston, TX 77092",100,No website - high priority,تعذّر الوصول للموقع: http://www.authenticplasterandtile.com/Houston: No active session available.,https://www.yellowpages.com/search?search_terms=pool%20builders&geo_location_terms=Houston%2C%20TX,1787251751.4914117
Poker Pool Plaster,(713) 502-4789,http://pokerpoolplaster.localsearch.com,7907 Furay Rd,"Houston, TX 77016",100,No website - high priority,تعذّر الوصول للموقع: http://pokerpoolplaster.localsearch.com: No active session available.,https://www.yellowpages.com/search?search_terms=pool%20builders&geo_location_terms=Houston%2C%20TX,1787251757.2934794
Plantinum Pools,(281) 870-1600,http://www.platinumpools.com,4500 Blalock Rd,"Houston, TX 77041",100,No website - high priority,تعذّر الوصول للموقع: http://www.platinumpools.com: No active session available.,https://www.yellowpages.com/search?search_terms=pool%20builders&geo_location_terms=Houston%2C%20TX,1787251788.5347073
"Pacific Excavations, LLC",(713) 775-6021,http://pacificexcavations.com,3426 Frick Rd,"Houston, TX 77086",100,No website - high priority,تعذّر الوصول للموقع: http://pacificexcavations.com: No active session available.,https://www.yellowpages.com/search?search_terms=pool%20builders&geo_location_terms=Houston%2C%20TX,1787251793.276782
Watts Pool Service  Inc,(713) 467-3400,http://www.wattspoolservice.com,11130 Katy Fwy,"Houston, TX 77043",100,No website - high priority,تعذّر الوصول للموقع: http://www.wattspoolservice.com: No active session available.,https://www.yellowpages.com/search?search_terms=pool%20builders&geo_location_terms=Houston%2C%20TX,1787251808.102289
Agua Blue Services Inc,(281) 531-5072,http://aguabluepools.com,1127 Eldridge Pkwy,"Houston, TX 77077",100,No website - high priority,تعذّر الوصول للموقع: http://aguabluepools.com: No active session available.,https://www.yellowpages.com/search?search_terms=pool%20builders&geo_location_terms=Houston%2C%20TX,1787251819.912813
Blue Haven Pools & Spas,(281) 870-2222,https://www.bluehaven.com/clear-lake-swimming-pool-builder,11700 Space Center Blvd,"Houston, TX 77059",100,No website - high priority,تعذّر الوصول للموقع: https://www.bluehaven.com/clear-lake-swimming-pool-builder: No active session available.,https://www.yellowpages.com/search?search_terms=pool%20builders&geo_location_terms=Houston%2C%20TX,1787251847.6607685
Blue Haven Pools & Spas,(281) 497-5711,http://bluehavenpoolsspas505049927.localsearch.com,2201 Highway 6 S,"Houston, TX 77077",100,No website - high priority,تعذّر الوصول للموقع: http://bluehavenpoolsspas505049927.localsearch.com: No active session available.,https://www.yellowpages.com/search?search_terms=pool%20builders&geo_location_terms=Houston%2C%20TX,1787251872.7228804
Boardwalk Pools,(832) 524-1129,https://boardwalkpoolstx.com,15222 Tysor Park Ln,"Houston, TX 77095",100,No website - high priority,تعذّر الوصول للموقع: https://boardwalkpoolstx.com: No active session available.,https://www.yellowpages.com/search?search_terms=pool%20builders&geo_location_terms=Houston%2C%20TX,1787251880.165508
"Pool Remodeling, Pool Repairs, Outdoor Kitchens-Abear Aquatics",(281) 733-8491,https://abearaquatics.com,118 Vintage Park Blvd,"Houston, TX 77070",100,No website - high priority,تعذّر الوصول للموقع: https://abearaquatics.com: No active session available.,https://www.yellowpages.com/search?search_terms=pool%20builders&geo_location_terms=Houston%2C%20TX,1787251886.8635082
Limitless Custom Pools & Backyards,(281) 344-2670,https://limitlesscustompools.com/contact-custom-pool-contractor,118 Vintage Park Blvd,"Houston, TX 77070",100,No website - high priority,تعذّر الوصول للموقع: https://limitlesscustompools.com/contact-custom-pool-contractor: No active session available.,https://www.yellowpages.com/search?search_terms=pool%20builders&geo_location_terms=Houston%2C%20TX,1787251896.4083092
Limitless Custom Pools & Backyards,(281) 344-2670,http://limitlesscustompools.com,10330 Lake Rd,"Houston, TX 77070",100,No website - high priority,تعذّر الوصول للموقع: http://limitlesscustompools.com: No active session available.,https://www.yellowpages.com/search?search_terms=pool%20builders&geo_location_terms=Houston%2C%20TX,1787251907.8418074
Team Aqua Pools & Spas,(713) 450-1053,http://teamaquapools.com,12826 Ripplewood Ln,"Houston, TX 77015",100,No website - high priority,تعذّر الوصول للموقع: http://teamaquapools.com: No active session available.,https://www.yellowpages.com/search?search_terms=pool%20builders&geo_location_terms=Houston%2C%20TX,1787251916.3975883
Star Pools Inc,(713) 688-7827,http://starpools.net,3302 Canal St,"Houston, TX 77003",100,No website - high priority,تعذّر الوصول للموقع: http://starpools.net: No active session available.,https://www.yellowpages.com/search?search_terms=pool%20builders&geo_location_terms=Houston%2C%20TX,1787251926.8808734
Houston Pool Builders,(832) 400-6927,https://poolinstallationhouston.com,2211 Cleburne St,"Houston, TX 77004",100,No website - high priority,تعذّر الوصول للموقع: https://poolinstallationhouston.com: No active session available.,https://www.yellowpages.com/search?search_terms=pool%20builders&geo_location_terms=Houston%2C%20TX,1787251957.7552242
Tranquility Pools,(281) 974-2864,http://tranquilitypools533091539.localsearch.com,2818 Arbor St,"Houston, TX 77004",100,No website - high priority,تعذّر الوصول للموقع: http://tranquilitypools533091539.localsearch.com: No active session available.,https://www.yellowpages.com/search?search_terms=pool%20builders&geo_location_terms=Houston%2C%20TX,1787251981.4741404
"JR Pool Plastering & Texas Gunite, LTD.",(713) 907-3980,https://jrpoolplastering.com,1415 North Loop Ste 300-17,"Houston, TX 77022",100,No website - high priority,تعذّر الوصول للموقع: https://jrpoolplastering.com: No active session available.,https://www.yellowpages.com/search?search_terms=pool%20builders&geo_location_terms=Houston%2C%20TX,1787251985.1249475
Waterkeeper Pools,(832) 231-4408,https://waterkeeperpoolservice.com/contact-us,2617 W Holcombe Blvd,"Houston, TX 77025",100,No website - high priority,تعذّر الوصول للموقع: https://waterkeeperpoolservice.com/contact-us: No active session available.,https://www.yellowpages.com/search?search_terms=pool%20builders&geo_location_terms=Houston%2C%20TX,1787251992.6407273
We Fix Ugly Pools,(602) 253-4499,http://www.wefixuglypools.com,,"Phoenix, AZ 85006",100,No website - high priority,تعذّر الوصول للموقع: http://www.wefixuglypools.com: No active session available.,https://www.yellowpages.com/search?search_terms=pool%20builders&geo_location_terms=Phoenix%2C%20AZ,1787252010.4763548
Pool Agency,(602) 635-3159,http://poolagency.com,,,100,No website - high priority,تعذّر الوصول للموقع: http://poolagency.com: No active session available.,https://www.yellowpages.com/search?search_terms=pool%20builders&geo_location_terms=Phoenix%2C%20AZ,1787252014.4949644
BlueWave Pools & Spas,(602) 726-3575,https://bluewavepoolsaz.com,2602 W Baseline Rd #16,"Mesa, AZ 85202",100,No website - high priority,تعذّر الوصول للموقع: https://bluewavepoolsaz.com: No active session available.,https://www.yellowpages.com/search?search_terms=pool%20builders&geo_location_terms=Phoenix%2C%20AZ,1787252015.9944239
Desert Sun Pools,(602) 795-6224,https://desertsunpools.com,20819 N 25th Pl,"Phoenix, AZ 85050",100,No website - high priority,تعذّر الوصول للموقع: https://desertsunpools.com: No active session available.,https://www.yellowpages.com/search?search_terms=pool%20builders&geo_location_terms=Phoenix%2C%20AZ,1787252017.5740569
Dolphin Pool Construction,(602) 569-6336,http://dolphinpools.us,20635 N Cave Creek Rd,"Phoenix, AZ 85024",100,No website - high priority,تعذّر الوصول للموقع: http://dolphinpools.us: No active session available.,https://www.yellowpages.com/search?search_terms=pool%20builders&geo_location_terms=Phoenix%2C%20AZ,1787252032.2459812
Arterra Inc,(602) 569-9800,http://arterrarestaurant.com,13028 N 17th Ave,"Phoenix, AZ 85029",100,No website - high priority,تعذّر الوصول للموقع: http://arterrarestaurant.com: No active session available.,https://www.yellowpages.com/search?search_terms=pool%20builders&geo_location_terms=Phoenix%2C%20AZ,1787252054.2069173
Brandenburg Pool and Outdoor,(602) 482-2999,http://brandenburgpoolandoutdoor.localsearch.com,3141 E Beardsley Rd Ste 150,"Phoenix, AZ 85050",100,No website - high priority,تعذّر الوصول للموقع: http://brandenburgpoolandoutdoor.localsearch.com: No active session available.,https://www.yellowpages.com/search?search_terms=pool%20builders&geo_location_terms=Phoenix%2C%20AZ,1787252078.8469043
Valley Pools of Phoenix,(480) 268-3716,https://www.valleypoolsofphoenix.com,1224 E Brookwood Ct,"Phoenix, AZ 85048",100,No website - high priority,تعذّر الوصول للموقع: https://www.valleypoolsofphoenix.com: No active session available.,https://www.yellowpages.com/search?search_terms=pool%20builders&geo_location_terms=Phoenix%2C%20AZ,1787252083.6981702
"Rondo Pools and Spas, Inc.",(602) 246-6202,http://www.rondopools.com,11616 N Cave Creek Rd,"Phoenix, AZ 85020",100,No website - high priority,تعذّر الوصول للموقع: http://www.rondopools.com: No active session available.,https://www.yellowpages.com/search?search_terms=pool%20builders&geo_location_terms=Phoenix%2C%20AZ,1787252089.2161598
Bestway Pool Service & Repair Co.,(602) 207-8536,https://bestwaypoolservice.com,11028 N 32nd St,"Phoenix, AZ 85028",100,No website - high priority,تعذّر الوصول للموقع: https://bestwaypoolservice.com: No active session available.,https://www.yellowpages.com/search?search_terms=pool%20builders&geo_location_terms=Phoenix%2C%20AZ,1787252098.633429
Straight Line Landscape,(623) 582-1300,https://straightlinelandscape.com/?utm_source=yext&utm_medium=directories&utm_campaign=local,1915 W Adobe Dr Ste D,"Phoenix, AZ 85027",100,No website - high priority,تعذّر الوصول للموقع: https://straightlinelandscape.com/?utm_source=yext&utm_medium=directories&utm_campaign=local: No active session available.,https://www.yellowpages.com/search?search_terms=pool%20builders&geo_location_terms=Phoenix%2C%20AZ,1787252108.8437104
Deep Clean Pools,(602) 751-5085,http://www.deepcleanpools.com,4165 W Camino Acequia,"Phoenix, AZ 85051",100,No website - high priority,تعذّر الوصول للموقع: http://www.deepcleanpools.com: No active session available.,https://www.yellowpages.com/search?search_terms=pool%20builders&geo_location_terms=Phoenix%2C%20AZ,1787252122.8856802
Fowlers Pools | Best Pool Service Phoenix,(480) 227-5057,https://fowlerspools.com,2432 W Peoria Ave Bldg 10,"Phoenix, AZ 85029",100,No website - high priority,تعذّر الوصول للموقع: https://fowlerspools.com: No active session available.,https://www.yellowpages.com/search?search_terms=pool%20builders&geo_location_terms=Phoenix%2C%20AZ,1787252137.6598144
Chillax Patios,(602) 618-7759,https://www.chillaxpatios.com,21640 N 14th Ave Ste B1,"Phoenix, AZ 85027",100,No website - high priority,تعذّر الوصول للموقع: https://www.chillaxpatios.com: No active session available.,https://www.yellowpages.com/search?search_terms=pool%20builders&geo_location_terms=Phoenix%2C%20AZ,1787252145.2523549
ASP - America's Swimming Pool Company of North Phoenix,(602) 607-2869,https://www.asppoolco.com/northphoenix,24825 N 16th Ave Ste 115,"Phoenix, AZ 85085",100,No website - high priority,تعذّر الوصول للموقع: https://www.asppoolco.com/northphoenix: No active session available.,https://www.yellowpages.com/search?search_terms=pool%20builders&geo_location_terms=Phoenix%2C%20AZ,1787252162.7559693
KT Pools AZ,(602) 583-1468,http://www.ktpoolsaz.com,2618 W Rapalo Rd,"Phoenix, AZ 85086",100,No website - high priority,تعذّر الوصول للموقع: http://www.ktpoolsaz.com: No active session available.,https://www.yellowpages.com/search?search_terms=pool%20builders&geo_location_terms=Phoenix%2C%20AZ,1787252174.3688426
Saturn Pool Co Inc,(623) 869-9699,http://www.saturnpools.com,,"Phoenix, AZ 85086",100,No website - high priority,تعذّر الوصول للموقع: http://www.saturnpools.com: No active session available.,https://www.yellowpages.com/search?search_terms=pool%20builders&geo_location_terms=Phoenix%2C%20AZ,1787252181.3085923
Pool Troopers,(480) 750-7101,https://pooltroopers.com/locations/phoenix-az-pool-service,,,100,No website - high priority,تعذّر الوصول للموقع: https://pooltroopers.com/locations/phoenix-az-pool-service: No active session available.,https://www.yellowpages.com/search?search_terms=pool%20builders&geo_location_terms=Phoenix%2C%20AZ,1787252201.3440037
Pool Troopers,(480) 750-7101,https://www.pooltroopers.com/arizona/phoenix,,,100,No website - high priority,تعذّر الوصول للموقع: https://www.pooltroopers.com/arizona/phoenix: No active session available.,https://www.yellowpages.com/search?search_terms=pool%20builders&geo_location_terms=Phoenix%2C%20AZ,1787252223.9463506
Leslie's Pool Service - Phoenix,(800) 537-5437,https://lesliespool.com/service?utm_source=gmb&utm_medium=organic&utm_campaign=phoenix,,,100,No website - high priority,تعذّر الوصول للموقع: https://lesliespool.com/service?utm_source=gmb&utm_medium=organic&utm_campaign=phoenix: No active session available.,https://www.yellowpages.com/search?search_terms=pool%20builders&geo_location_terms=Phoenix%2C%20AZ,1787252227.8101096
Sonoran Pool Pros,(602) 663-5474,https://www.sonoranpoolprosaz.com,,,100,No website - high priority,تعذّر الوصول للموقع: https://www.sonoranpoolprosaz.com: No active session available.,https://www.yellowpages.com/search?search_terms=pool%20builders&geo_location_terms=Phoenix%2C%20AZ,1787252234.4186807
Immediate Pool Builders,(623) 869-7777,https://www.facebook.com/pg/Immediate-Pool-Builders-1727302950875208,329 W Lone Cactus Dr Ste 6,"Phoenix, AZ 85027",100,No website - high priority,تعذّر الوصول للموقع: https://www.facebook.com/pg/Immediate-Pool-Builders-1727302950875208: No active session available.,https://www.yellowpages.com/search?search_terms=pool%20builders&geo_location_terms=Phoenix%2C%20AZ,1787252265.0706966
Magic Matt's Pools,(623) 255-2239,http://magicmattspools.com,18660 N Cave Creek Rd,"Phoenix, AZ 85024",100,No website - high priority,تعذّر الوصول للموقع: http://magicmattspools.com: No active session available.,https://www.yellowpages.com/search?search_terms=pool%20builders&geo_location_terms=Phoenix%2C%20AZ,1787252269.700672
Phoenix Pool Parts,(602) 354-8527,http://poolparts1.com,3552 W Cactus Rd,"Phoenix, AZ 85029",100,No website - high priority,تعذّر الوصول للموقع: http://poolparts1.com: No active session available.,https://www.yellowpages.com/search?search_terms=pool%20builders&geo_location_terms=Phoenix%2C%20AZ,1787252278.6985278
Legacy Pools LLC,(602) 616-4814,http://legacypoolsllc.com,625 W Deer Valley Rd Ste 108,"Phoenix, AZ 85027",100,No website - high priority,تعذّر الوصول للموقع: http://legacypoolsllc.com: No active session available.,https://www.yellowpages.com/search?search_terms=pool%20builders&geo_location_terms=Phoenix%2C%20AZ,1787252286.5598965
Aquatic Pools,(623) 225-0537,https://aquaticpoolaz.com,3101 N Central Ave,"Phoenix, AZ 85012",100,No website - high priority,تعذّر الوصول للموقع: https://aquaticpoolaz.com: No active session available.,https://www.yellowpages.com/search?search_terms=pool%20builders&geo_location_terms=Phoenix%2C%20AZ,1787252290.6013358
Shasta Pools,(602) 532-3700,https://www.shastapools.com,3750 W Indian School Rd,"Phoenix, AZ 85019",100,No website - high priority,تعذّر الوصول للموقع: https://www.shastapools.com: No active session available.,https://www.yellowpages.com/search?search_terms=pool%20builders&geo_location_terms=Phoenix%2C%20AZ,1787252321.2388818
Above & Beyond Pool Remodeling,(480) 830-9209,https://aboveandbeyondpoolremodeling.com,4643 E Thomas Rd Ste B,"Phoenix, AZ 85018",100,No website - high priority,تعذّر الوصول للموقع: https://aboveandbeyondpoolremodeling.com: No active session available.,https://www.yellowpages.com/search?search_terms=pool%20builders&geo_location_terms=Phoenix%2C%20AZ,1787252346.2188504
DCS Pool Barriers,(623) 825-7700,http://dcspoolbarriers.com,11002 N 23rd Ave,"Phoenix, AZ 85029",100,No website - high priority,تعذّر الوصول للموقع: http://dcspoolbarriers.com: No active session available.,https://www.yellowpages.com/search?search_terms=pool%20builders&geo_location_terms=Phoenix%2C%20AZ,1787252356.289093
Anne Pack,(334) 399-0285,https://anne-pack.us,2036 W Cactus Rd,"Phoenix, AZ 85029",100,No website - high priority,تعذّر الوصول للموقع: https://anne-pack.us: No active session available.,https://www.yellowpages.com/search?search_terms=pool%20builders&geo_location_terms=Phoenix%2C%20AZ,1787252361.2120385
Better Pool Management,(215) 676-0648,http://www.betterpools.com/pages/Closings.htm,13044 Bustleton Ave Ste 4,"Philadelphia, PA 19116",100,No website - high priority,تعذّر الوصول للموقع: http://www.betterpools.com/pages/Closings.htm: No active session available.,https://www.yellowpages.com/search?search_terms=pool%20builders&geo_location_terms=Philadelphia%2C%20PA,1787252374.3853402
"Apco Pool Specialties, Inc.",(267) 223-5910,http://www.apcopools.com,12005 Lavender Pl,"Philadelphia, PA 19154",100,No website - high priority,تعذّر الوصول للموقع: http://www.apcopools.com: No active session available.,https://www.yellowpages.com/search?search_terms=pool%20builders&geo_location_terms=Philadelphia%2C%20PA,1787252377.3111186
"boston pools, inc",(215) 873-9307,http://bostonpoolsinc.localsearch.com,1507n N 53rd St,"philadelphia, PA 19131",100,No website - high priority,تعذّر الوصول للموقع: http://bostonpoolsinc.localsearch.com: No active session available.,https://www.yellowpages.com/search?search_terms=pool%20builders&geo_location_terms=Philadelphia%2C%20PA,1787252382.1818428
Sunrise Leisure Renovations Inc,(215) 533-2877,http://yellowpages.com/philadelphia-pa/mip/sunrise-leisure-renovations-inc-2859428,1717 Gillingham St,"Philadelphia, PA 19124",100,No website - high priority,تعذّر الوصول للموقع: http://yellowpages.com/philadelphia-pa/mip/sunrise-leisure-renovations-inc-2859428: No active session available.,https://www.yellowpages.com/search?search_terms=pool%20builders&geo_location_terms=Philadelphia%2C%20PA,1787252386.0779045
Best Defense Pool Enclosures,(215) 475-5205,https://www.poolfencesforkids.com,,,100,No website - high priority,تعذّر الوصول للموقع: https://www.poolfencesforkids.com: No active session available.,https://www.yellowpages.com/search?search_terms=pool%20builders&geo_location_terms=Philadelphia%2C%20PA,1787252410.622357
Forchetti Pools & Spa,(800) 833-0399,http://forchettipoolsspapa.localsearch.com,,,100,No website - high priority,تعذّر الوصول للموقع: http://forchettipoolsspapa.localsearch.com: No active session available.,https://www.yellowpages.com/search?search_terms=pool%20builders&geo_location_terms=Philadelphia%2C%20PA,1787252413.2028725
AAA Action Pool Service and Repairs,(800) 833-0399,http://www.allpoolsandspas.com,,,100,No website - high priority,تعذّر الوصول للموقع: http://www.allpoolsandspas.com: أوقفه المستخدم,https://www.yellowpages.com/search?search_terms=pool%20builders&geo_location_terms=Philadelphia%2C%20PA,1787252413.249514
Swim-Mor Pools and Spas,(800) 794-6667,http://swimmor.com,920 Lake Dr,"Mount Ephraim, NJ 08059",100,No website - high priority,تعذّر الوصول للموقع: http://swimmor.com: أوقفه المستخدم,https://www.yellowpages.com/search?search_terms=pool%20builders&geo_location_terms=Philadelphia%2C%20PA,1787252413.260079
Holiday Pools & Spas,(856) 854-2664,http://holidaypoolsspasnj.localsearch.com,101 W Cuthbert Blvd,"Collingswood, NJ 08108",100,No website - high priority,تعذّر الوصول للموقع: http://holidaypoolsspasnj.localsearch.com: أوقفه المستخدم,https://www.yellowpages.com/search?search_terms=pool%20builders&geo_location_terms=Philadelphia%2C%20PA,1787252413.2692685
Ohana Pool Villa,(610) 574-7492,http://ohanapoolvilla.localsearch.com,505 Eaton Rd,"Drexel Hill, PA 19026",100,No website - high priority,تعذّر الوصول للموقع: http://ohanapoolvilla.localsearch.com: أوقفه المستخدم,https://www.yellowpages.com/search?search_terms=pool%20builders&geo_location_terms=Philadelphia%2C%20PA,1787252413.2821975
Blue Haven Pools,(856) 428-4166,http://bluehavenpools18940874.localsearch.com,1879 Old Cuthbert Rd,"Cherry Hill, NJ 08034",100,No website - high priority,تعذّر الوصول للموقع: http://bluehavenpools18940874.localsearch.com: أوقفه المستخدم,https://www.yellowpages.com/search?search_terms=pool%20builders&geo_location_terms=Philadelphia%2C%20PA,1787252413.313367
Jet Line Products,(856) 786-0099,https://www.poolcorp.com,1400 Taylors Ln,"Cinnaminson, NJ 08077",100,No website - high priority,تعذّر الوصول للموقع: https://www.poolcorp.com: أوقفه المستخدم,https://www.yellowpages.com/search?search_terms=pool%20builders&geo_location_terms=Philadelphia%2C%20PA,1787252413.3257234
Tri-County Pool Construction,(856) 829-2818,http://tricountypoolconstruction.localsearch.com,609 New Jersey Ave,"Palmyra, NJ 08065",100,No website - high priority,تعذّر الوصول للموقع: http://tricountypoolconstruction.localsearch.com: أوقفه المستخدم,https://www.yellowpages.com/search?search_terms=pool%20builders&geo_location_terms=Philadelphia%2C%20PA,1787252413.339092
Steve's Pool Service,(609) 868-2432,http://www.stevespoolpros.com,511 N Lincoln Ave,"National Park, NJ 08063",100,No website - high priority,تعذّر الوصول للموقع: http://www.stevespoolpros.com: أوقفه المستخدم,https://www.yellowpages.com/search?search_terms=pool%20builders&geo_location_terms=Philadelphia%2C%20PA,1787252413.3504052
Delaware Valley Pool Supply,(610) 623-8384,https://delawarevalleypoolsupply.com,500 E Providence Rd Ste 4,"Aldan, PA 19018",100,No website - high priority,تعذّر الوصول للموقع: https://delawarevalleypoolsupply.com: أوقفه المستخدم,https://www.yellowpages.com/search?search_terms=pool%20builders&geo_location_terms=Philadelphia%2C%20PA,1787252413.361735
Leslie's Pool Supplies,(856) 303-9238,https://lesliespool.com/location/riverton-newjersey-cinnaminson-280.html,1013 Route 130 S,"Cinnaminson, NJ 08077",100,No website - high priority,تعذّر الوصول للموقع: https://lesliespool.com/location/riverton-newjersey-cinnaminson-280.html: أوقفه المستخدم,https://www.yellowpages.com/search?search_terms=pool%20builders&geo_location_terms=Philadelphia%2C%20PA,1787252413.3966923
Galleo Pool Service,(610) 828-6247,https://www.galleopools.net,309 E Elm St,"Conshohocken, PA 19428",100,No website - high priority,تعذّر الوصول للموقع: https://www.galleopools.net: أوقفه المستخدم,https://www.yellowpages.com/search?search_terms=pool%20builders&geo_location_terms=Philadelphia%2C%20PA,1787252413.4083896
Tracy Swimming Pools,(856) 829-0425,http://tracyswimmingpools.localsearch.com,10 W 2nd St,"Palmyra, NJ 08065",100,No website - high priority,تعذّر الوصول للموقع: http://tracyswimmingpools.localsearch.com: أوقفه المستخدم,https://www.yellowpages.com/search?search_terms=pool%20builders&geo_location_terms=Philadelphia%2C%20PA,1787252413.4197938
Swin-Mor,(856) 456-3332,http://www.swimmor.com,920 Lake Dr,"Mount Ephraim, NJ 08059",100,No website - high priority,تعذّر الوصول للموقع: http://www.swimmor.com: أوقفه المستخدم,https://www.yellowpages.com/search?search_terms=pool%20builders&geo_location_terms=Philadelphia%2C%20PA,1787252413.432393
First Place Metals,(215) 550-1966,http://firstplacemetals.localsearch.com,1371 Edgehill Rd,"Darby, PA 19023",100,No website - high priority,تعذّر الوصول للموقع: http://firstplacemetals.localsearch.com: أوقفه المستخدم,https://www.yellowpages.com/search?search_terms=pool%20builders&geo_location_terms=Philadelphia%2C%20PA,1787252413.443262
Pippin Pools,(856) 524-4137,https://pippinpools.com,821 Crescent Ave,"Runnemede, NJ 08078",100,No website - high priority,تعذّر الوصول للموقع: https://pippinpools.com: أوقفه المستخدم,https://www.yellowpages.com/search?search_terms=pool%20builders&geo_location_terms=Philadelphia%2C%20PA,1787252413.4545462
Pennco Automatic Pool Covers,(610) 449-2776,http://penncoautomaticpoolcoverspa.localsearch.com,2415 Clover Ln,"Havertown, PA 19083",100,No website - high priority,تعذّر الوصول للموقع: http://penncoautomaticpoolcoverspa.localsearch.com: أوقفه المستخدم,https://www.yellowpages.com/search?search_terms=pool%20builders&geo_location_terms=Philadelphia%2C%20PA,1787252413.4656549
Platinmum Pools Inc,(610) 642-0828,http://platinmumpoolsinc.localsearch.com,1241 Rose Glen Rd,"Gladwyne, PA 19035",100,No website - high priority,تعذّر الوصول للموقع: http://platinmumpoolsinc.localsearch.com: أوقفه المستخدم,https://www.yellowpages.com/search?search_terms=pool%20builders&geo_location_terms=Philadelphia%2C%20PA,1787252413.4760563
Spa Hearth & Home,(856) 234-7799,http://www.spahearthandhome.net,492 Route 38 E,"Maple Shade, NJ 08052",100,No website - high priority,تعذّر الوصول للموقع: http://www.spahearthandhome.net: أوقفه المستخدم,https://www.yellowpages.com/search?search_terms=pool%20builders&geo_location_terms=Philadelphia%2C%20PA,1787252413.487258
Suburban Turn-Key Pool Service,(610) 828-5590,http://suburbanturnkeypoolservice.localsearch.com,9 Colwell Ln,"Conshohocken, PA 19428",100,No website - high priority,تعذّر الوصول للموقع: http://suburbanturnkeypoolservice.localsearch.com: أوقفه المستخدم,https://www.yellowpages.com/search?search_terms=pool%20builders&geo_location_terms=Philadelphia%2C%20PA,1787252413.497286
Budd's Pools & Spas,(856) 845-9000,http://www.buddspools.com,950 Cooper Street,"Deptford, NJ 08096",100,No website - high priority,تعذّر الوصول للموقع: http://www.buddspools.com: أوقفه المستخدم,https://www.yellowpages.com/search?search_terms=pool%20builders&geo_location_terms=Philadelphia%2C%20PA,1787252413.5094223
Waterscapes/A Clear Difference,(856) 786-8988,http://www.njwaterscapes.com,610 S Read St,"Cinnaminson, NJ 08077",100,No website - high priority,تعذّر الوصول للموقع: http://www.njwaterscapes.com: أوقفه المستخدم,https://www.yellowpages.com/search?search_terms=pool%20builders&geo_location_terms=Philadelphia%2C%20PA,1787252413.5199587
Docs D & L Pool Supplies,(856) 829-7676,http://docsdandlpoolsupplies.com,1811 Cinnaminson Ave,"Cinnaminson, NJ 08077",100,No website - high priority,تعذّر الوصول للموقع: http://docsdandlpoolsupplies.com: أوقفه المستخدم,https://www.yellowpages.com/search?search_terms=pool%20builders&geo_location_terms=Philadelphia%2C%20PA,1787252413.5312605
Del Val Pool Maintenance,(856) 663-4400,https://www.del-val.com/contact,6209 S Crescent Blvd,"Pennsauken, NJ 08110",100,No website - high priority,تعذّر الوصول للموقع: https://www.del-val.com/contact: أوقفه المستخدم,https://www.yellowpages.com/search?search_terms=pool%20builders&geo_location_terms=Philadelphia%2C%20PA,1787252413.5427346
All Seasons Pool and Spa,(856) 424-4333,http://allseasonspoolandspa.localsearch.com,1753 Route 70 W,"Cherry Hill, NJ 08002",100,No website - high priority,تعذّر الوصول للموقع: http://allseasonspoolandspa.localsearch.com: أوقفه المستخدم,https://www.yellowpages.com/search?search_terms=pool%20builders&geo_location_terms=Philadelphia%2C%20PA,1787252413.5541527
